{
	"name": "Pizza Run",
	"version": "1.3",
	"description": "Let him run and eat all the pizza he can find!",
	"id": "com.matteobiagini.pizzarun",
	"unique-id": "6pfx0keepq1",
	"viewport-width": 720,
	"viewport-height": 480,
	"author": "Matteo Biagini",
	"email": "matte.biagini@gmail.com",
	"website": "",
	"orientations": "landscape",
	"c2version": "244",
	"c3version": "r336",
	"ife": true,
	"used-plugins": [
		"Sprite",
		"Spritefont2",
		"Touch",
		"Keyboard",
		"Audio",
		"Browser",
		"LocalStorage"
	],
	"used-behaviors": [
		"Platform",
		"jumpthru",
		"scrollto",
		"Sin",
		"Tween"
	]
}